AudioData_AdaBoostClassifier,AudioData_GradientBoostingClassifier,AudioData_SVC,ProcessedMeta_AdaBoostClassifier,ProcessedMeta_DecisionTreeClassifier,ProcessedMeta_GradientBoostingClassifier,ProcessedMeta_KNeighborsClassifier,ProcessedMeta_LogisticRegression,ProcessedMeta_SVC,ProcessedMeta_XGBClassifier,TextData_BaggingClassifier,TextData_GradientBoostingClassifier,TextData_LogisticRegression,TextData_MultinomialNB,TextData_SVC,TextData_XGBClassifier,V3Data_AdaBoostClassifier,V3Data_DecisionTreeClassifier,V3Data_GradientBoostingClassifier,V3Data_KNeighborsClassifier,V3Data_LogisticRegression,V3Data_MultinomialNB,V3Data_RandomForestClassifier,V3Data_SVC,V3Data_XGBClassifier,VisualData_AdaBoostClassifier,VisualData_BaggingClassifier,VisualData_DecisionTreeClassifier,VisualData_GradientBoostingClassifier,VisualData_KNeighborsClassifier,VisualData_LogisticRegression,VisualData_RandomForestClassifier,VisualData_SVC,VisualData_XGBClassifier
0.5145127504857575,0.9719909098169309,0.5444093792206932,0.5475029994443358,1.0,0.9669661366606566,0.8,0.5062811169837855,0.5426012856063831,0.9534611105918884,0.6,0.562984794144148,0.5452661445290606,0.5410448206130802,0.5268801003261656,0.2564842402935028,0.6107921293085025,1.0,0.801965762975957,0.6,0.9943624419805795,0.9992213987407179,0.7,0.6433747059810744,0.6800740957260132,0.6085527657143381,0.8,1.0,0.9667095358590768,1.0,0.6026618243545734,0.4,0.5318308676299971,0.8404058218002319
0.5660732569099435,0.9782977103188523,0.5444093791161073,0.48255101452985605,0.0,0.3903680961703107,0.8,0.5048505009659982,0.5426012856063831,0.2004803866147995,0.3,0.2996334979737652,0.5468361876417888,0.5451283316942864,0.5252289025504377,0.3416742980480194,0.48001927841725167,1.0,0.878791466426986,0.8,0.5684500424488583,0.7831402481131244,0.6,0.5648869584596536,0.7171909809112549,0.4175345436787973,0.7,0.0,0.08969541545061996,0.6,0.11969368709130208,0.7,0.5318308676299971,0.8969246745109558
0.5502604504499239,0.04701027273137245,0.5444093791161425,0.46891097248587776,1.0,0.5932025554745606,0.6,0.5069171814101375,0.5426012856063831,0.8268211483955383,0.2,0.39664350038271107,0.5438619957258974,0.5420623890999927,0.5275544166185523,0.5312334895133972,0.5896745629848795,1.0,0.9975483007797381,0.2,0.38108754479459206,0.03339009788925205,0.5,0.45108588719629517,0.9921795129776001,0.5080575585005588,0.8333333333333334,0.8333333333333334,0.8335943369299041,0.8,0.7995441773272598,0.925,0.6310657504227777,0.8199242949485779
0.6958237491302197,0.9895390327308016,0.5444093791161425,0.5203461904835665,1.0,0.6261510575459681,0.6,0.5086896126099199,0.5426012856063831,0.4023609161376953,0.0,0.04378916029303124,0.5366156964174196,0.5241123866629965,0.5326386296392525,0.19285263121128082,0.6317062063278488,1.0,0.9611129855034821,0.8,0.7150363453011397,0.15462705738923258,0.7,0.5210014721234849,0.6697465777397156,0.6513143566127599,0.5,0.0,0.5589004774860357,0.0,0.0006683903747591882,0.1,0.5318308676299971,0.1939278393983841
0.473507572488381,0.02999841942710557,0.5444093791161425,0.5159912000504305,1.0,0.4328291894985587,0.4,0.5146830422453536,0.5426012856063831,0.293807715177536,0.6,0.5318790969778461,0.5591257824342035,0.5673462908570874,0.5189377579625564,0.5084214806556702,0.47251074799410986,0.0,0.8421030624013541,0.8,0.8692254300479159,0.3548004269866703,0.5,0.4534112284679529,0.5466853380203247,0.6100093191830945,0.8,0.0,0.8326185338857889,0.4,0.5195344981119179,0.4,0.5318308676299971,0.6849462985992432
0.4910911253599085,0.9453402742650183,0.5444093407082916,0.5212934406839309,1.0,0.8093950641497771,0.4,0.6729027230912901,0.5426012856063831,0.7850544452667236,0.6,0.5452929434178558,0.552658103449749,0.5559055595783726,0.5217362628389329,0.3611287474632263,0.3974945403950812,0.0,0.0017913749093935048,0.4,0.2443095525332285,0.003290385298043452,0.6,0.43776719771916434,0.03372360020875931,0.48137562016532276,0.6,1.0,0.9886929719294442,1.0,0.9366688504409557,0.7,0.5318308676299971,0.7596595883369446
0.5099504330909753,0.13947736898248858,0.5444093791161425,0.4617582027622652,0.0,0.037409505436161734,0.4,0.5073123067762804,0.5426012856063831,0.07672234624624252,0.6,0.5318790969778461,0.5575059006157054,0.5642682868596991,0.5181802156308676,0.5084214806556702,0.5250927647678708,1.0,0.9799670606257539,0.6,0.7193553688681937,0.3349782757569433,0.6,0.5470065960483671,0.7849841713905334,0.5708303442615782,0.8,1.0,0.9765540469188546,0.6,0.03436030898931416,0.7,0.5318308676299971,0.5660061240196228
0.6760214899822242,0.8869999176545849,0.5444093332064484,0.494128058675386,0.0,0.19316953047845659,0.6,0.500443209388646,0.5447495331562832,0.23579369485378265,0.5,0.7525930888867916,0.5394426601063262,0.5328078481238591,0.5321884376081949,0.43679264187812805,0.5371043377798828,0.0,0.15660361264271785,0.6,0.8708413010494257,0.999333160358636,0.5,0.4947221489442566,0.3127526342868805,0.5080480721541679,0.8516666666666668,0.8333333333333334,0.8395652987800925,0.8,0.8468529211782556,0.8158333333333333,0.708708966197763,0.8556501865386963
0.5826560155159648,0.9257859573116363,0.5444093791161425,0.4756838003264143,1.0,0.4751793333087806,0.2,0.5061855292816327,0.5426012856063831,0.41061756014823914,0.8,0.9910112343286627,0.5606961469854788,0.5726643125912051,0.5196443290508522,0.9516661763191223,0.5496983381496496,1.0,0.7866054778959508,1.0,0.5814753296592696,0.2693026910430004,0.7,0.5167868282360036,0.6723905205726624,0.41048081653085466,0.24571428571428572,0.0,0.05791527353597636,0.6,0.9141266243711476,0.4833333333333333,0.5318308676299971,0.2526065707206726
0.48361705483811684,0.0509247434084124,0.5444093791161425,0.48498396824692097,1.0,0.3979164840526488,0.6,0.506736750255735,0.5425212452402535,0.30598849058151245,0.4,0.08498008147334268,0.5482967234528852,0.5474365601637567,0.5253752608152136,0.304744690656662,0.43298123901761343,1.0,0.3336728743454637,0.8,0.14449884782918468,0.2216773012919697,0.4,0.4569900697663579,0.36732786893844604,0.5294949859653998,0.6,1.0,0.9017510741638227,0.6,0.9922193398796602,0.5,0.5318308676299971,0.7869724631309509
0.4900219552938321,0.2978784461253356,0.5444093332064484,0.5310353169421005,1.0,0.7852875405097188,0.4,0.5010020451993126,0.5447495331562832,0.9130086898803711,0.6,0.3074191669111859,0.5451998645707514,0.5418966040130451,0.5288033931994779,0.44276097416877747,0.49088604830856913,0.0,0.13070118614212017,0.8,0.5599374088574134,0.7620274495165406,0.6,0.5,0.4954347014427185,0.4309355248428833,0.2,0.0,0.0377711894269972,0.4,0.02808094405865102,0.3,0.5257974453085479,0.0526396743953228
0.6661700520417693,0.8711605009267968,0.5444093332064484,0.5325704388279032,0.0,0.9096522748798344,0.8,0.5014981604162259,0.5447495331562832,0.8282038569450378,0.8,0.8777972027573725,0.5636223566343737,0.5790497150221566,0.5122830679765468,0.864457368850708,0.5861387836214851,1.0,0.9939915369825343,0.6,0.7828863651254021,0.9999908045469834,0.5,0.4784180213075022,0.7818458080291748,0.5662466311002305,0.7,0.0,0.9668111945132277,0.8,0.05988253062614568,0.8,0.5257974453085479,0.8517646789550781
0.6812636779000186,0.9906981866123651,0.5444093332064484,0.4530628829314707,0.0,0.028516615394830726,0.4,0.50000153908401,0.5453939759835171,0.14881297945976257,0.6,0.8177753704995185,0.5538913206308094,0.5597054291935363,0.5211522864753045,0.35475772619247437,0.5018802140309085,0.0,0.2459117528306031,0.6,0.8803440048843034,0.9709040922841428,0.3,0.5086868935672024,0.2259402573108673,0.5032704787440238,0.7,1.0,0.9381301189988455,0.6,0.0003409422813187363,0.7,0.5257974453085479,0.8975818753242493
0.4942186833559787,0.001152569580845873,0.5444085282285054,0.513454223689953,0.0,0.3413786402177252,0.6,0.5070209546066046,0.5426012856063831,0.36002394556999207,0.8,0.5318790969778461,0.5513352359537639,0.5510449417502074,0.5230817624574748,0.8442740440368652,0.5723491396316748,1.0,0.990167733461244,0.6,0.38267331852511693,0.773112216408264,0.7,0.6466425409928472,0.6052419543266296,0.7718838827679734,0.4,0.0,0.8133499720179175,1.0,0.07657342586068032,0.5,0.5318308676299971,0.8891496658325195
0.7242521713481763,0.9915015767099493,0.5444093791161422,0.49645610762804765,1.0,0.501570938029267,0.2,0.505303169038486,0.5426012856063831,0.27653902769088745,0.7,0.8649289731018494,0.5542441987054029,0.5586450530606548,0.5223086148073965,0.8312434554100037,0.5434983497415188,1.0,0.9930517533626647,0.6,0.7066613464885673,0.7312729076543938,0.7,0.4869710900326686,0.7281152009963989,0.5758129202137319,0.7857142857142858,1.0,0.9703984644822523,0.6,0.9141277286387414,0.8833333333333332,0.5318308676299971,0.7427504062652588
0.6058677369069752,0.9816242710219499,0.5444093332064484,0.4937609046862628,0.0,0.4991813956960069,0.4,0.5000003010509276,0.6807188767874998,0.4163467288017273,0.7,0.7302823933531073,0.5561584823752549,0.5638059332152012,0.5189180022742484,0.36191311478614807,0.32155535278335484,0.0,0.07919526978970924,0.6,0.3890816258543595,9.220465505687197e-05,0.4,0.525734957864652,0.13289465010166168,0.544557743578893,0.7,0.0,0.7501167330045542,0.6,0.9999839908527005,0.6,0.5257974453085479,0.5826073884963989
0.5088119283584812,0.9938840612099451,0.5444093332064484,0.5380614857298383,1.0,0.9118905507232342,0.6,0.5016132710029636,0.5447495331562832,0.9227302670478821,0.8,0.7800962017795317,0.5545883217846266,0.5610223053680259,0.5203103466422762,0.7892253994941711,0.5079397610468182,1.0,0.9768507523142983,0.6,0.8336503978490797,0.9992812653260909,0.6,0.49048482615566874,0.9342775344848633,0.5334887193453035,0.4,1.0,0.9695774931414881,0.6,0.00031286534842016637,0.3,0.5257974453085479,0.7749726176261902
0.4384305522520299,0.8454584333505094,0.5444093332064484,0.4834065374850516,1.0,0.30715090463621875,0.6,0.5060025756689992,0.5447495331562832,0.43201401829719543,0.7,0.32656818207867294,0.5502732359446542,0.5505008001070937,0.5228796235660275,0.5184434056282043,0.45986177403132517,1.0,0.9619751157221177,0.4,0.25509739929160336,0.001971660037844,0.7,0.5208814183091932,0.2974623143672943,0.42728266448341784,0.3,0.0,0.005653365876610678,0.2,0.7651572908495797,0.3,0.33507878533387075,0.05383135378360748
0.49762748586635985,0.5563407352714748,0.5444093332064484,0.525038244591937,1.0,0.9237805082619734,0.8,0.5004707815354813,0.5447495331562832,0.9039474725723267,0.4,0.09826704851416733,0.5495369688054041,0.5503082009259742,0.527342519144299,0.11987219005823135,0.5679141976061685,1.0,0.6935153183720818,0.8,0.31551643696101345,0.003903405738667298,0.7,0.5163110235460784,0.6423365473747253,0.5245657691167412,0.6,0.0,0.6666921947695021,0.6,0.07980556437818911,0.4,0.5257974453085479,0.9414981007575989
0.7273793381647548,0.9958365328060378,0.5517138400314165,0.5176103837581609,1.0,0.4960607872690529,0.6,0.5232129896186395,0.5605538121945375,0.6448710560798645,0.7,0.8017357193829484,0.5591523392224429,0.5659955804327513,0.5,0.6177375912666321,0.47925965075345617,1.0,0.9784032386931962,0.4,0.7143374749955769,0.1639049744923534,0.6,0.5482886673288017,0.7844088673591614,0.48961159804643123,0.6,1.0,0.9216314387926294,0.8,0.0023870585565820986,0.7,0.5426933656376701,0.9294981956481934
0.4632544121995196,0.0054987374238925696,0.5517138400314168,0.5429121310092381,1.0,0.9283384210753968,0.4,0.6634229230312527,0.5605538121945375,0.9844200015068054,0.6,0.7815791940992469,0.561347427571316,0.5712107253877363,0.5,0.5779992938041687,0.513957414465754,1.0,0.7948551956085644,0.6,0.39077234975083286,0.8688911222108395,0.6,0.5669664622332906,0.8539182543754578,0.5062911968145948,0.5,1.0,0.95661549732802,0.6,0.494209701007612,0.5,0.5426933656376701,0.9080672264099121
0.7167840444444218,0.9969253169460178,0.5444093332064484,0.4798484881966644,0.0,0.7551177156057383,0.6,0.500966873024419,0.5447495331562832,0.6390145421028137,0.7,0.8627510657009747,0.5565140573833178,0.5654050763721876,0.525146553772001,0.7935994267463684,0.40113248144973773,0.0,0.8386266496359301,0.6,0.33031730343748655,4.06518734051218e-06,0.5,0.527514813926888,0.577243983745575,0.5543741214792085,1.0,1.0,0.9902144556465213,1.0,0.8475523703076622,1.0,0.7087089352299025,0.9222842454910278
0.540057427592292,0.9897283841268276,0.5444093332064484,0.49352352166272956,1.0,0.7760819715413626,0.2,0.5000456785611288,0.5447495331562832,0.3682156503200531,0.9,0.8238161065484045,0.5569342398819815,0.5631635535006575,0.5170754195217365,0.8068355321884155,0.6708316504629905,1.0,0.997611733076979,0.8,0.8995613455384535,0.9968516510658714,0.5,0.5,0.9830958843231201,0.4595449067941356,0.5,0.0,0.09214980279136574,0.2,0.18215647431337242,0.4,0.5257974453085479,0.24551168084144592
0.35636251700513294,0.5280440384208347,0.5444093332064484,0.4921584664149652,0.0,0.4796884251466956,0.4,0.5000000603237759,0.9878976326204059,0.2503404915332794,0.8,0.8250738007080174,0.5556686063592482,0.5603662056519155,0.5197370316386233,0.5598304271697998,0.47107241929218563,0.0,0.12187062514823893,0.2,0.005179047013445701,9.316367718690237e-09,0.7,0.5607681764605764,0.5678386092185974,0.6118041744868762,0.2,1.0,0.17265623674766054,0.2,0.9999999971630615,0.6,0.5257974453085479,0.43134912848472595
0.527640587624089,0.018135251803158232,0.551713839281888,0.5140099321316697,1.0,0.7319856632152181,1.0,0.5290190184953599,0.5605538121945375,0.803843080997467,0.7,0.8017357193829484,0.5558764930496235,0.5594010789862052,0.5,0.6177375912666321,0.5408484881436175,1.0,0.7794205566104278,0.8,0.2794739850337422,0.01713199619724584,0.7,0.5484310234517087,0.8108187913894653,0.5286133665097135,0.6,0.0,0.9434010045170321,0.4,0.2793692698238627,0.4666666666666666,0.5426933656376701,0.7322525382041931
0.4956722146581442,0.9362779830327692,0.5517138400314167,0.5184326913566493,1.0,0.773473646071055,0.6,0.5242874094532887,0.5605538121945375,0.8319413065910339,0.8,0.8017357193829484,0.5449223320050266,0.5340524771380727,0.5,0.5805930495262146,0.5274571282215554,1.0,0.7230680543040567,0.4,0.9846756473964794,0.9688430874968296,0.7,0.5614473841025619,0.20183581113815308,0.3675082656105012,0.4,0.0,0.020434357565596563,0.4,0.9839034353922238,0.2,0.5426933656376701,0.0986776053905487
0.4401679029361625,0.956095080774975,0.5517138400314167,0.4795057335985098,1.0,0.27194901195765747,0.4,0.5169513304123722,0.5605538121945375,0.23337678611278534,0.9,0.6371936112571756,0.5433990760166137,0.5349431880650783,0.5,0.7876919507980347,0.5316064334350898,0.0,0.3982728570551611,1.0,0.9858658243530625,0.9999999909477992,0.3,0.6114864946335183,0.5214381814002991,0.5081585058359341,0.9024206349206348,0.8333333333333334,0.8338495416908047,0.8,0.7877424627316783,0.9380952380952381,0.6826007884088614,0.8349008560180664
0.526613584985843,0.9387432005787104,0.5517138400314167,0.5207788411366886,1.0,0.8085942186535867,1.0,0.5270065496142115,0.5605538121945375,0.7423536777496338,0.5,0.7061743052530641,0.5602997060251211,0.5715205941029141,0.5,0.22527489066123962,0.4622542574832834,0.0,0.04575305310007393,0.4,0.9417233299198685,0.001044456233749389,0.7,0.5372836557089736,0.04201670363545418,0.4860783428069499,0.7,0.0,0.7633243479335964,0.6,0.07447172095996783,0.3,0.5426933656376701,0.7311331629753113
0.573819057472779,0.04625743315660364,0.5517138400314167,0.4646021315331942,1.0,0.4587520293535697,0.6,0.5191520720644422,0.5605538121945375,0.7878361344337463,0.7,0.8032142852633595,0.5551915377469759,0.5611270714155902,0.5,0.687700629234314,0.5856914992227338,1.0,0.9938082832373544,0.6,0.8128551118828439,0.9956021566043574,0.8,0.5737748262125614,0.896349310874939,0.5381868489842755,0.5,1.0,0.9095935510962576,0.6,0.00021393811691295729,0.5,0.5426933656376701,0.9481639266014099
0.5040907037012801,0.9798643983317029,0.5466440992594978,0.5004260089257021,1.0,0.3485304864200291,0.6,0.5012712314671061,0.5512232356567168,0.33798524737358093,0.6,0.6700082175866381,0.5408900446789578,0.5394626001774465,0.5,0.5331956744194031,0.5303776404636896,0.0,0.8346656231925255,0.4,0.9596356661754284,0.9999357072688722,0.4,0.4919958082833937,0.6833583116531372,0.5068935939170469,0.8238095238095238,0.8,0.8104145230450659,0.8,0.7834741227251786,0.7689285714285714,0.7749676325099811,0.7569437623023987
0.5078409073068807,0.021646424996647342,0.551713840031856,0.5065517645690923,0.0,0.7198758311474215,0.4,0.5385972495187098,0.5605538121945375,0.4213228225708008,0.8,0.8017357193829484,0.5627577384414856,0.5728198013524278,0.5,0.5805930495262146,0.4117364146972486,0.0,0.023418238741460984,0.6,0.1415821473278799,4.580955105272247e-06,0.4,0.5094769458450485,0.10711003839969635,0.48573457574947637,0.6,1.0,0.8834693743250599,0.8,0.9112281255279322,0.8,0.5426933656376701,0.7791858911514282
0.5384715608515913,0.6305969685237443,0.5466440992594978,0.48859601292270016,1.0,0.4790259347775479,0.4,0.501346310446173,0.5512232356567168,0.6856439113616943,0.7,0.829669868985329,0.5564790817047862,0.5637629131018251,0.4730203953370446,0.7670585513114929,0.4960193581625045,0.0,0.9951880388730217,0.4,0.8692010727594456,0.9999939065868715,0.6,0.48340329135160903,0.9638420939445496,0.5080776236492317,0.8516666666666666,0.8333333333333334,0.8220705968247956,0.8,0.7820184626421668,0.8787545787545789,0.7749967243205786,0.828086256980896
0.5869717777737679,0.9935609588702382,0.5466440992594978,0.4954538652676288,1.0,0.5912042022944874,0.6,0.5015211411152968,0.5512232356567168,0.7816525101661682,0.6,0.1328097317663396,0.5435424618441851,0.539492067608679,0.5,0.42460575699806213,0.49421835455533847,1.0,0.17789273826645255,0.2,0.549166642547317,0.009769225898918845,0.5,0.5104171590894945,0.2688533663749695,0.5203412454237302,0.5,1.0,0.8541350946437364,0.4,0.9736972870964319,0.5,0.51672292238213,0.9143549799919128
0.5254976270389591,0.824971366844942,0.5466440992594978,0.5395649306387793,1.0,0.9331673576429151,0.8,0.5007870240688196,0.5512232356567168,0.8417657613754272,1.0,0.68162629045892,0.5434383535805153,0.5413617134160053,0.5,0.8895783424377441,0.5628772667560384,1.0,0.9752856024069709,0.6,0.9356175197030443,0.9999856420821135,0.5,0.48784385484746995,0.9151708483695984,0.29452511346442445,0.4,0.0,0.05036838685735468,0.2,0.1572169796103539,0.5,0.51672292238213,0.04673703387379646
0.5412307533676994,0.6260242111500435,0.5466440992594978,0.5029308166117481,1.0,0.30965350123443336,0.8,0.5007487007458612,0.5512232356567168,0.3006833791732788,0.7,0.7446849327828882,0.558568350803121,0.5677463821093944,0.47600078721825423,0.5144783854484558,0.480158424168869,1.0,0.020264084911925922,0.4,0.08427029174888652,0.01272693216586802,0.4,0.5316886876366883,0.1810043305158615,0.5449217621205963,1.0,0.0,0.9138493669906889,0.4,0.9254712309824391,0.8,0.51672292238213,0.7192372679710388
0.42890995413616045,0.2074356500828809,0.5517138400314167,0.5116803516407266,1.0,0.7924626788460019,0.6,0.532758558795162,0.5605538121945375,0.5482329726219177,0.9,0.8199621066261175,0.5655867879042721,0.5779731692111068,0.5,0.7876919507980347,0.4965624275136856,0.0,0.3002928187947494,0.4,0.21804195727240275,0.003483112827369884,0.5,0.518917853267739,0.3576423227787018,0.6266216883554053,0.4,1.0,0.8341372648114624,0.4,0.6154693424409168,0.3,0.5426933656376701,0.5630760788917542
0.7225043058761029,0.9993223599714322,0.5517138400314167,0.5317881105397944,1.0,0.9473988995645779,0.6,0.5232355762971348,0.5605538121945375,0.9748464226722717,0.3,0.2002678859202232,0.5574956831107196,0.5646407749335917,0.5,0.4052390158176422,0.4160630915872328,0.0,0.16146749825173723,0.4,0.41194804864370843,3.8689394137145136e-07,0.2,0.49480175922721326,0.08907771855592728,0.5309979150618114,0.2,0.0,0.1786372299756935,0.6,0.0012010311404219488,0.6,0.5426933656376701,0.6081852316856384
0.5396004979636613,0.9896407497437483,0.5422726963766565,0.5231236385285862,1.0,0.717496582936318,0.6,0.5029155636422087,0.5498820205928011,0.2978724539279938,0.5,0.8296167535998275,0.5549883367196653,0.5623979335234934,0.3501091946576589,0.8088675141334534,0.5222908059433505,0.0,0.17890055082442682,0.8,0.12134223041273677,0.0020653839742349024,0.5,0.5241589476150803,0.6599565744400024,0.5228621211829326,0.7,1.0,0.9812544003586084,0.6,0.9977152314079052,0.7,0.5204615032261277,0.9537549614906311
0.46549247964462515,0.11974468977959324,0.5466440992594978,0.5084650043160605,1.0,0.7714163843614946,0.8,0.5000046850526689,0.5512232356567168,0.860539436340332,0.4,0.19322076635828073,0.5465405275215696,0.5481557427972644,0.4943251206899697,0.22223050892353058,0.4537949541455418,0.0,0.1852355186039808,0.4,0.08086773807364006,0.004162490902280489,0.4,0.528105200412661,0.5061564445495605,0.5268773516567071,0.8,0.0,0.21159421142136325,0.4,0.20967287837702178,0.4,0.51672292238213,0.47995519638061523
0.5812804232313782,0.27749473826545956,0.5422716763720645,0.48777985179000694,1.0,0.08454800782215877,0.4,0.5000296210395531,0.5498820754858548,0.5157368779182434,0.7,0.4222644806632292,0.5566492945852586,0.5660403829747973,0.3491497701852237,0.5256632566452026,0.47394910531861123,1.0,0.7807718305063879,0.4,0.1419163826367253,1.0067541677276226e-08,0.4,0.4582037790120121,0.7090415358543396,0.472531362512187,0.5,0.0,0.506877033824991,0.4,0.0016197933508863144,0.6,0.5204615032261277,0.6273394823074341
0.45745604998525097,0.9753056127105412,0.5466440992594978,0.561813058979486,1.0,0.8943689952043508,0.4,0.5001174160533601,0.5512232356567168,0.71225506067276,0.2,0.38490037881469275,0.5485332520164944,0.5521228897650606,0.4878626315991279,0.5060147047042847,0.4851074894143507,0.0,0.7964875937282674,0.6,0.933672136807585,0.9903044823034192,0.5,0.5,0.21018682420253754,0.4992182415358599,0.6,1.0,0.7870009007278107,0.2,1.0,0.5,0.51672292238213,0.5619422197341919
0.4586838356545601,0.4345493108297416,0.5422716763720645,0.47788036649609505,1.0,0.7959865418206256,0.6,0.5026124126802873,0.5498820205928011,0.7435992360115051,0.7,0.650336684677811,0.5560036410874948,0.564274307527625,0.350835072409076,0.5256632566452026,0.5727082103645067,1.0,0.21193274255039005,0.4,0.9776506723026448,0.9988806222882638,0.5,0.5679410151641454,0.5528433322906494,0.5068003759650591,0.8483333333333334,0.8,0.8045360303471341,0.8,0.8455262049011358,0.9233333333333335,0.7241718534874654,0.7724177241325378
0.5237817343907432,0.4455761164025037,0.54664409925948,0.4282606231614015,0.0,0.2949155748985917,0.6,0.50000862066094,0.5512232356567168,0.16623584926128387,0.7,0.8858527774329668,0.551477328506461,0.5552575362908094,0.4862753467202623,0.8984757661819458,0.4651262866540441,1.0,0.5195637349208139,1.0,0.6189385823170939,0.19690352541446654,0.5,0.5087960281907812,0.5122131109237671,0.5734981425398898,0.6,1.0,0.3921573663543388,0.4,0.03886174094139895,0.5,0.51672292238213,0.4168875515460968
0.5119151306478641,0.9918654354750186,0.5466410974513723,0.5468731446597322,1.0,0.9331673576429151,1.0,0.5005431585474572,0.5512232356567168,0.952555775642395,0.5,0.25688832648401355,0.5423554067960149,0.5357762427900314,0.50840925214471,0.34968680143356323,0.5760834040628207,1.0,0.6304218955015857,0.8,0.782376943339497,0.8860665359239945,0.3,0.508805395670406,0.6125707030296326,0.44597129226221727,0.6,1.0,0.6361611125841822,1.0,0.9849945273319345,0.5,0.51672292238213,0.337610125541687
0.4269750054348722,0.732071126088875,0.5422716763720643,0.4978770463984382,1.0,0.7701478678214043,0.8,0.5023416218880703,0.5498820205928011,0.38589611649513245,0.5,0.8005431391506421,0.545199524208032,0.545422239910857,0.36891441207650777,0.22405149042606354,0.47867966449304844,1.0,0.7248171022087353,0.8,0.051756769126530405,0.010779403634173635,0.5,0.4795271579607419,0.742809534072876,0.488011751016219,0.275,0.0,0.11622891052401596,0.2,0.7901536417503826,0.2,0.5204615032261277,0.15329097211360931
0.3230792170447583,0.26462875272679276,0.5422716763720645,0.522887823647778,0.0,0.6465858181312982,0.2,0.5002285027172492,0.5498820205928011,0.4849317967891693,0.6,0.5081597722326985,0.5505922757883972,0.5550089251905915,0.3593517459263793,0.37192872166633606,0.6080078848066335,0.0,0.7589987081212187,0.8,0.6540411748444765,0.9525702122922564,0.6,0.570300882139666,0.8979678153991699,0.4983194633834857,0.1,0.0,0.4017398484380547,0.6,0.055012550548783026,0.5,0.5204615032261277,0.5035326480865479
0.5396573521891088,0.9748662736698539,0.5422716763720645,0.5161178974991387,0.0,0.6397782425494802,0.6,0.9961923280794909,0.5498820205928011,0.3571632504463196,0.4,0.29384024700423456,0.5444402601943377,0.5414754102772537,0.38287603856108854,0.053142983466386795,0.5970411672931321,0.0,0.7688093335855625,1.0,0.7791326781098403,0.6391829642668697,0.4,0.5575345471160228,0.8125481605529785,0.6280322027776709,0.9,1.0,0.978061644536964,0.6,0.8142188443605195,0.2,0.5204615032261277,0.9591604471206665
0.8111005341536875,0.7423561314879427,0.5422716763720645,0.5325777008709818,1.0,0.7229235155459142,0.6,0.5130959861259071,0.5498820205928011,0.7969525456428528,0.6,0.742950257483247,0.5597413710588308,0.5720014742629815,0.33358241097126895,0.7818785905838013,0.544511490306075,1.0,0.9655532279126566,0.6,0.9052565909521637,0.7316566614471993,0.6,0.5685264744780028,0.9112585783004761,0.2867821472316747,0.5,0.0,0.012917866202070133,0.2,0.8333475754681751,0.7,0.5204615032261277,0.1655329018831253
0.3751499482874225,0.9298153837115741,0.5422716763569044,0.5236556750902749,0.0,0.7556681972458218,0.4,0.5217683426673336,0.5498820205928011,0.9007529020309448,0.5,0.6234334162025833,0.5433380325802964,0.5414688737619988,0.37456233706331554,0.5841727256774902,0.39299885786123806,0.0,0.6839717203668785,0.2,0.7489992289101278,0.9961351111541625,0.4,0.5624848014995038,0.15701140463352203,0.5510724467451306,0.3,1.0,0.9778592277602517,0.2,1.0,0.6,0.5204615032261277,0.35761889815330505
0.5326437913054082,0.9711406191669988,0.5421067451565148,0.4713437308497874,1.0,0.09817337516542964,0.4,0.5000002800907567,0.5645166832398228,0.29187285900115967,0.8,0.8605633717603351,0.5583779016751116,0.5701985279177268,0.4845985730514833,0.7405391931533813,0.5337625960553517,1.0,0.9978168513320135,0.6,0.7096139823022555,0.9909698656077468,0.4,0.5,0.7723211050033569,0.5097037630246991,0.5,1.0,0.9142628494793218,0.2,1.0,0.6,0.5327830049126542,0.718602180480957
0.419299690183452,0.029192569916933277,0.5421067451565148,0.43783718512190356,0.0,0.8413260406575414,0.4,0.5053236652227789,0.5419965476963987,0.8986527323722839,0.9,0.4575320030102317,0.5527274165545851,0.555679203362037,0.49127817391307155,0.8869014382362366,0.5343194783325842,1.0,0.9869389611842515,0.6,0.6036622008021052,0.16128133337211173,0.5,0.5274312200744303,0.3346393406391144,0.47936630703480626,0.4,0.0,0.22560875242168368,0.8,0.2712280091443677,0.3,0.5327830049126542,0.2551368474960327
0.6924298790754916,0.719702631643905,0.5422716763720645,0.5116481200748475,0.0,0.8617330644154185,0.4,0.5014738011205914,0.5498820205928011,0.6639674305915833,0.5,0.2728562042307386,0.5479764454669175,0.5447989011550136,0.3679956546080136,0.26842597126960754,0.5430350653461212,0.0,0.869729070088569,0.8,0.9705447819838603,0.9997024407701792,0.5,0.6109600262994473,0.772576630115509,0.45967679537609457,0.7,1.0,0.8170491734128797,0.6,0.9799511376784495,0.5833333333333334,0.5204615032261277,0.8856677412986755
0.5465624132717006,0.5554552627729796,0.5421067451565148,0.5137369948189683,1.0,0.8804764124249438,0.8,0.5008672734034753,0.5419965476963987,0.9008855223655701,0.9,0.7764039238864884,0.5545093822189071,0.5588333807401903,0.48836887392319256,0.5694527626037598,0.41388583762676706,0.0,0.002007606493274561,0.6,0.8052603134077473,0.9999523491481498,0.7,0.5,0.5910117030143738,0.563346596371832,0.6,0.0,0.7836820305968704,0.6,0.9909763011556552,0.8,0.5327830049126542,0.9177188277244568
0.4853928671871614,0.5407893711911461,0.5421067451565148,0.5253376085320088,1.0,0.9433604937295786,0.8,0.5006431521808056,0.5419965476963987,0.9315150380134583,0.7,0.7167142224134209,0.5552124641662793,0.5660267400184549,0.4943800759239162,0.5046050548553467,0.45927784945421696,1.0,0.9995836901998694,0.6,0.42371071595468646,0.9997513076149355,0.7,0.5066082009597712,0.8616452813148499,0.40046534272618806,0.3,0.0,0.8091707698652382,0.2,0.03773172217592526,0.2,0.5327830049126542,0.27996698021888733
0.48814261756231303,0.9596418216456001,0.542106745156515,0.4677944200814248,0.0,0.37504095269710275,0.4,0.5000062538784937,0.5419959917093832,0.2616129517555237,0.7,0.8277029422752996,0.5488496053825863,0.5475217692795614,0.5,0.6463987827301025,0.5120009227170068,1.0,0.9988125083788684,0.6,0.9476433350832272,0.9999998486819209,0.5,0.4917550870438305,0.7509406805038452,0.4975681001526935,0.4,1.0,0.3675227225615811,0.6,0.7605745133671585,0.7,0.5327830049126542,0.46360868215560913
0.3164676053208321,0.18634409770344312,0.5421067451565148,0.4793871900823037,1.0,0.2759484499428973,0.4,0.5000000264311634,0.9786665254003126,0.7166326642036438,0.9,0.8479800520525135,0.5473206729978921,0.5450434811439439,0.5,0.8147063255310059,0.5351436879861087,0.0,0.9975562767463452,0.4,0.5240730206192131,0.9981102209182556,0.7,0.4927901464228787,0.7504168748855591,0.5157576484850713,0.3,0.0,0.9797986229652744,0.8,0.422510534228233,0.4,0.5327830049126542,0.6818492412567139
0.5095671497594372,0.10044049794214283,0.5421067451565055,0.48010190115242474,0.0,0.16565143468988355,0.2,0.5001641469037434,0.5419965476963987,0.07660439610481262,0.5,0.7501646998000546,0.5435589328497263,0.5388385426255554,0.5178441808534249,0.45250552892684937,0.5165422605538993,1.0,0.9848772316335459,0.4,0.6191058225991808,0.9894640660568177,0.5,0.5187991691049295,0.4079570174217224,0.7267903641407265,0.3,1.0,0.29072774738439616,0.6,0.17541337099960647,0.5,0.5327830049126542,0.7142031788825989
0.5851741057398337,0.08575242868288459,0.5421067451565148,0.4594034578404847,0.0,0.36061831440909053,0.6,0.5097706517187439,0.5419965476963987,0.33411380648612976,0.9,0.8014279749372553,0.5515694165980323,0.5532905115357614,0.5,0.5694527626037598,0.4800702684401277,1.0,0.9910287398217034,0.2,0.25192856443945644,0.016215371687582247,0.6,0.5320289426995999,0.4592917859554291,0.4926401784601791,0.2,0.0,0.5689240621459458,0.4,0.0052468483252593595,0.2,0.5327830049126542,0.4586940109729767
0.5459798481149576,0.6462339139454427,0.5416047134327238,0.5204210757613112,1.0,0.7984452988013843,0.6,0.5011706874583273,0.5520470099863025,0.9036739468574524,0.8,0.8262913841232168,0.540374569128678,0.5394133897609261,0.45962003166371235,0.6241862177848816,0.554102578810674,0.0,0.7667319659503834,0.6,0.7159268003553109,0.4232517231457752,0.5,0.5518894755169068,0.6236020922660828,0.4962261658774862,0.7,1.0,0.8895874255493861,0.4,0.38697985897371046,0.7,0.5190440789978534,0.800492525100708
0.266216146720093,0.034850789047078064,0.5421067451565148,0.48073610250134513,0.0,0.045796084554911264,0.8,0.5023125748328706,0.5419965476963987,0.07824674248695374,1.0,0.8765027297764535,0.5598939518561958,0.5708969350059916,0.47720205254652526,0.8358297348022461,0.558990882693196,0.0,0.9985799260534557,0.6,0.9273582604995947,0.9999956147717711,0.8,0.4845083038402936,0.9001715779304504,0.5078886136710892,0.4,0.0,0.40897284947644263,0.6,0.14605033190470845,0.6,0.5327830049126542,0.25683000683784485
0.3985605919320736,0.34650678113944505,0.5416047138299849,0.5034345389350402,1.0,0.5702738644996687,0.4,0.500436015187935,0.5520470099863025,0.6086459755897522,0.8,0.2815783475608878,0.5424134860664243,0.544565236261148,0.458034551480511,0.7617701292037964,0.5748964883069945,1.0,0.8916587463836424,0.6,0.7968708607394946,0.9999952166695754,0.7,0.5384668980320316,0.8763163089752197,0.5055617713034322,0.6,1.0,0.49556242881187074,0.2,0.6416001654884982,0.6,0.5190440789978534,0.31216737627983093
0.5154248937242936,0.5667723710437916,0.5416047134303413,0.4926935266101282,1.0,0.3002210506086467,0.6,0.5019616843836349,0.5520470099863025,0.772190272808075,0.5,0.7183177414390197,0.539817872684256,0.5389975070746197,0.45981713356905757,0.8165055513381958,0.4405920174636401,0.0,0.9310523829307479,0.6,0.8760040757623558,0.9961972560656246,0.7,0.5231028057373049,0.5032679438591003,0.44797032734247905,0.3,1.0,0.6399123593842189,0.4,0.9886560177634499,0.7,0.5190440789978534,0.5958577394485474
0.4819532197011763,0.05862301572164929,0.5416047134327238,0.5755748522279075,1.0,0.35170964602251953,0.6,0.500703133497226,0.5520470099863025,0.6318612694740295,0.5,0.684267113774269,0.5393996346658726,0.5395061017947671,0.4603925697899854,0.47417086362838745,0.4663163461310127,0.0,0.33985113015010493,1.0,0.546128841150756,9.304638367050738e-06,0.7,0.5551611142932957,0.27438992261886597,0.3635819738123705,0.8,1.0,0.5292829727791872,0.8,0.10359077372432139,0.9,0.5190440789978534,0.2976158559322357
0.6134211755615533,0.9753363620028175,0.5416047134327238,0.503965043812027,0.0,0.6897574351728087,0.2,0.5002435897370775,0.5520470099863025,0.8192768692970276,0.8,0.8262913841232168,0.5420920396943743,0.5430233082482664,0.4605341498697771,0.6085962653160095,0.5125538045366812,1.0,0.9715709434563631,0.4,0.1200036002250385,0.00038762562597799253,0.7,0.5690801308126606,0.776499330997467,0.4610863175202598,0.5,0.0,0.5307937183243142,0.4,0.869405614819169,0.4,0.5190440789978534,0.3811887502670288
0.43259712038655634,0.9271455507633518,0.5416047134327238,0.5262669302178693,0.0,0.049781516682104864,0.2,0.5002208173943493,0.5520470099863025,0.0841333344578743,0.8,0.8619660199297889,0.5457941368599019,0.5515337272396494,0.4549291090968796,0.5002520084381104,0.5580368071277144,1.0,0.7828811828313902,0.6,0.3048830359318108,0.9554292397735172,0.9,0.5418158699498358,0.7057481408119202,0.5068648996107092,0.8009848484848485,0.8,0.8055134895280623,0.8,0.7894930878175689,0.8088095238095239,0.7187891412475556,0.7587341070175171
0.40198407322820995,0.017980915870943328,0.5416047134327239,0.5174298354292431,1.0,0.7219177609110965,0.4,0.5009042830832141,0.5520470099863025,0.8073400855064392,0.3,0.8017179807562905,0.5339111398670242,0.529583489207063,0.47512615574542066,0.17110665142536163,0.49755924710488264,0.0,0.7314488762529435,0.4,0.5888297089763075,0.973834807762939,0.5,0.541158247680518,0.3989681899547577,0.5284835947865588,0.3,0.0,0.7623083562412162,0.8,0.7359666752986791,0.2,0.5190440789978534,0.24107567965984344
0.5007482672741161,0.9785813202496073,0.5466437872815526,0.4281434801076408,0.0,0.5962074391746898,0.6,0.5035339859790164,0.541186638761527,0.38624265789985657,0.7,0.6988684840502941,0.5435282496033299,0.5376921988750296,0.46132843627139636,0.7889297604560852,0.48477942280546044,1.0,0.8919519638325215,0.4,0.11355622816487541,0.2544526246576497,0.3,0.4932063756990454,0.41047143936157227,0.5137169094563525,0.7,1.0,0.668557803600317,0.6,0.6042738036339804,0.2,0.5291205565301038,0.2704453766345978
0.4959781897475161,0.9975808607688647,0.5466401797055762,0.49291378677647046,0.0,0.22644120545205626,0.4,0.5004090228625148,0.541186638761527,0.22886966168880463,0.8,0.18953531846478433,0.5584642217594015,0.5726474073663038,0.43831088531333506,0.4216214716434479,0.5822999969311832,0.0,0.3940941714618959,0.6,0.8141758380804327,0.985900971787247,0.7,0.6192858814568201,0.5552881956100464,0.5053298586131857,0.7690476190476191,0.75,0.7508538567295054,0.6,0.7735926890970711,0.772142857142857,0.7675652782459739,0.6969345211982727
0.47821909325917533,0.7179460738348026,0.5416047134327238,0.5320461901416443,1.0,0.8233363603118026,1.0,0.5024411561058136,0.5520470099863025,0.8210582137107849,0.8,0.8262913841232168,0.551161692102344,0.5645503282935262,0.4423073802725796,0.5554068684577942,0.3786774395849903,0.0,0.002005475804093596,0.2,0.017657465011891107,2.567276359373076e-06,0.7,0.5749329664545888,0.1415342092514038,0.5653533040096562,1.0,1.0,0.9856438156578048,0.6,0.8458294983870512,0.6,0.5190440789978534,0.9648269414901733
0.5560657099824268,0.2307880036378797,0.5416047134327238,0.5037149632143219,1.0,0.5161703039310627,0.4,0.5000366898572499,0.5520470099863025,0.4970058500766754,0.7,0.8262913841232168,0.5369846826253822,0.5299909406693062,0.4782736351482177,0.5278841853141785,0.4813697385326716,1.0,0.9561093875556856,0.2,0.2570412816049341,0.00571343611110077,0.5,0.5638303681913787,0.2747228443622589,0.5421145861773208,0.9,1.0,0.9645429995857385,0.4,0.3379237769437358,0.4,0.5190440789978534,0.9093309640884399
0.4533991484615155,0.8621638035456873,0.5466401804948077,0.5839689598045921,1.0,0.9239470463837384,0.4,0.5160739853252567,0.541186638761527,0.7956928014755249,0.5,0.628565378113879,0.5431163396215921,0.5390483894981647,0.4698613609174453,0.1870523989200592,0.5716486212187716,0.0,0.008275641005717491,0.8,0.4044163198682856,0.9989985962698855,0.6,0.6004193339118261,0.3458956182003021,0.412336094810875,0.55,0.0,0.908794771115627,0.4,0.7041118138312199,0.4666666666666666,0.7666357647003522,0.5133590698242188
0.45797096214036465,0.012733134027527113,0.5466401797055762,0.5666626099673431,1.0,0.9367692873529098,0.6,0.5009318082735029,0.541186638761527,0.8858326077461243,0.0,0.046751050960244914,0.5370177105983929,0.5252729512556126,0.4705101592056631,0.19729964435100555,0.5061981949149292,0.0,0.6505178080881732,0.6,0.9034577666719336,0.915853719753276,0.6,0.5679065038608755,0.6282708048820496,0.44655613439047326,0.3,0.0,0.24834421319553188,0.6,0.23539305647530628,0.1,0.5291205565301038,0.14109911024570465
0.5779443482693212,0.9488236725070116,0.5466401797055762,0.5725370528717746,1.0,0.3932867751555745,0.4,0.5018279734391248,0.541186638761527,0.23139841854572296,0.6,0.7962530668005227,0.5499573116270561,0.5495873593942249,0.4465458980662838,0.7242969870567322,0.46903006637997396,1.0,0.15405523941291602,0.4,0.2620561007216132,0.0024265744071604325,0.5,0.47533642882835825,0.11443059891462326,0.5150635839560007,0.8255952380952379,0.75,0.7449425039537034,0.8,0.3709692808110347,0.528051948051948,0.5291205565301038,0.7403510212898254
0.5222997501013513,0.976624900144679,0.5466401797055762,0.5238171704891523,1.0,0.8980913643356805,0.6,0.5022784513110836,0.541186638761527,0.6810489296913147,0.5,0.5257305400760913,0.5439311618586652,0.5424935014585285,0.4593484549255073,0.3275061547756195,0.6593696458912907,0.0,0.6541280256264435,0.8,0.9940421285609057,0.999999965601092,0.8,0.6791299962292127,0.9098212122917175,0.5082381743127636,0.8246428571428572,0.8333333333333334,0.8327505839471206,0.8,0.7755750644541622,0.8197979797979797,0.767764963707024,0.8392276167869568
0.49353064373167405,0.8505404052400545,0.5466401797055762,0.6232465576107715,1.0,0.7870304358795013,0.6,0.5079389984239825,0.541186638761527,0.9047749042510986,0.6,0.5257305400760913,0.5511581905372277,0.554498018456507,0.4518554480919016,0.7215409278869629,0.5040371016486501,1.0,0.4134113688247044,0.6,0.7842709445994456,0.9327934825199408,0.5,0.5158879595429031,0.21514207124710083,0.5053298586131857,0.7690476190476191,0.75,0.7508538567295054,0.6,0.7735926890970711,0.772142857142857,0.7675652782459739,0.6969345211982727
0.4950976090625835,0.23584268943432476,0.5466401797055762,0.6232465576107715,1.0,0.6793812252264864,0.6,0.5037090712750913,0.541186638761527,0.8883624076843262,0.4,0.0362883583332966,0.5464719483507782,0.5455534146747082,0.4543820218453537,0.24223904311656952,0.44039341452243225,1.0,0.002268045176989346,0.2,0.17144786306145543,0.0039634802570323695,0.5,0.46951695210221955,0.06605809181928635,0.4047627403461706,0.5,0.0,0.19411327905131098,0.2,0.8469590578053745,0.2,0.5291205565301038,0.5350852608680725
0.47813589814292645,0.011586916971836132,0.5466401797055501,0.46246429180640336,1.0,0.7794788750979543,1.0,0.50082398607028,0.541186638761527,0.7478522062301636,0.4,0.18890220228895926,0.5379812480906084,0.5325279263394828,0.46383890722170384,0.40765583515167236,0.5040239733929829,1.0,0.9421122223085054,0.8,0.9496579909718604,0.9999045864098295,0.6,0.5851181751559114,0.8752689361572266,0.37892295193239184,0.3,1.0,0.5890740169150505,0.8,0.9991320828585278,0.4,0.5291205565301038,0.9372578859329224
0.5455850921828892,0.9967393126686075,0.5436507337675308,0.48383723461718986,0.0,0.17949520230300708,0.6,0.5317001740689228,0.5197961010396122,0.08817100524902344,0.8,0.7949601059421961,0.5458278412079901,0.5443272253287794,0.5415392387125214,0.6387966275215149,0.6133735745551889,1.0,0.994513423004876,0.6,0.9604692727733467,0.9999999947267497,0.4,0.5780680697657703,0.9571042060852051,0.6809053580647095,1.0,1.0,0.986197756229114,1.0,0.8482032142311015,1.0,0.7574602442223217,0.9424141049385071
0.5276467883541954,0.9996850062085065,0.5436507337675308,0.5262888941416356,0.0,0.8025279373706428,0.4,0.5122284565907851,0.5197961010396122,0.5241534113883972,0.7,0.8877236420822807,0.5445603029115156,0.5416527723881812,0.5420942183581622,0.7258960604667664,0.4398286912966068,1.0,0.00812259139387392,0.2,0.011440723275016815,1.9499025021553396e-06,0.5,0.5163232259583806,0.17220713198184967,0.524177701173783,0.6,1.0,0.4100321455142349,0.2,0.061007860399806664,0.5,0.5185385098150378,0.2976548671722412
0.4716774402826244,0.5446481080722513,0.5436507337675318,0.5294773185922496,1.0,0.9418471572176401,0.4,0.5208085727226605,0.5197961010396122,0.910995602607727,0.5,0.3553669499365707,0.5444950154365702,0.5418084291178671,0.5419168490042683,0.22630943357944489,0.4463308327663251,1.0,0.00364089265793725,0.6,0.04600178425019256,2.440621874343362e-06,0.7,0.5240673039670961,0.04517591744661331,0.39626671228239285,0.5,1.0,0.373966163163693,0.8,0.9933136507810812,0.6,0.5185385098150378,0.6156033873558044
0.4935900883346411,0.994448092269972,0.5436507337675308,0.5062418485416009,0.0,0.19425448650134194,0.4,0.6749369929018406,0.5197961010396122,0.3552824556827545,0.8,0.6979811591069758,0.5583264636179056,0.5684152848276356,0.5403198878412342,0.5179924368858337,0.5185876137103693,1.0,0.8642837504040843,1.0,0.9939616320919703,0.9999999998963176,0.7,0.5683597020775556,0.7954252362251282,0.43151920753889467,0.2,0.0,0.01147572998749029,0.8,0.9907948323979171,0.5,0.5185385098150378,0.03236430138349533
0.5183807714630854,0.8738726841993357,0.5436507337675308,0.502287892178573,1.0,0.8149934997104259,0.8,0.5282480201972238,0.5197961010396122,0.6236637234687805,1.0,0.8125640729474065,0.5530572292329866,0.5561074699919288,0.5402778576095414,0.6502671837806702,0.6179113052514055,1.0,0.8790757293997058,0.6,0.9962329115820734,0.9999998427902151,0.3,0.5690474932930056,0.7978490591049194,0.7010358433886802,1.0,1.0,0.9841151047319587,1.0,0.8482110921604199,1.0,0.7562776733212329,0.9397097826004028
0.5008576425329776,0.0014100083389997139,0.543650733767531,0.5020558308442558,1.0,0.3798409043931095,0.0,0.5184146091952383,0.5197961010396122,0.37326961755752563,0.7,0.5681624733742663,0.5447093884806784,0.5421586118913044,0.5419251307498864,0.20493490993976593,0.6483903649308881,1.0,0.9588168236443705,0.8,0.9995617677145852,0.9999999632691476,0.6,0.5829137767526567,0.9326528310775757,0.4822699647758175,0.8,0.0,0.6222653991030395,0.4,0.21117695199591394,0.6666666666666666,0.5185385098150378,0.7869682908058167
0.3995368319382247,0.9674501427083044,0.5436507337675308,0.5107881722970972,1.0,0.6020402888620782,0.6,0.5199297497366577,0.5197961010396122,0.4674015939235687,1.0,0.7949601059421961,0.5520518895614314,0.5555338339549786,0.5403488318382019,0.5179924368858337,0.46967409481884825,1.0,0.1600111543298937,0.6,0.008947953289341547,7.606610908212195e-08,0.3,0.5171926380860249,0.4344324469566345,0.5713733272479725,0.3,0.0,0.5561382064728906,0.8,0.9940876733883165,0.3,0.5185385098150378,0.5592963099479675
0.5307737418423213,0.0006112964419937451,0.5436507337672107,0.46026759876799145,1.0,0.15325331164971084,0.2,0.5113300851514057,0.5197961010396122,0.4015149772167206,0.6,0.4977067832528799,0.5435822276384986,0.5416517401555362,0.5417426563028164,0.8879576921463013,0.5007514146313642,0.0,0.860772985079129,0.6,0.6438036052334032,0.035642873602085366,0.7,0.5426340663146912,0.5061569809913635,0.5474078441484515,0.5,1.0,0.752474589772171,0.4,0.6582891161378798,0.5,0.5185385098150378,0.5815314650535583
0.3516143689263768,0.5046984968676486,0.5448348879737367,0.5067824343920229,1.0,0.726140076160667,0.4,0.5018113449307466,0.5412299901210629,0.7401925921440125,0.4,0.7072488307346454,0.5501040031474274,0.5653878969995716,0.4715119328156649,0.4115307331085205,0.5503473023226846,1.0,0.978108776299403,0.8,0.4144066977316662,0.0019242584982409154,0.7,0.5655025080160813,0.646965742111206,0.3910876691585841,0.5,1.0,0.11127115347764809,0.0,0.00019656927770186067,0.0,0.5289549597864063,0.08961877971887589
0.495911946425175,0.0049886055830397815,0.5436507337675308,0.481928738944591,1.0,0.19800364188659844,0.6,0.5246841391614557,0.5197961010396122,0.07476767897605896,0.8,0.840724545758634,0.548943842930613,0.5491916693145633,0.5412113561866073,0.3442727029323578,0.5141176704803934,1.0,0.9585231278595244,0.4,0.2990812835250046,0.6143974536487161,0.5,0.5466779844844786,0.5767633318901062,0.4708149703827941,0.7,1.0,0.5025223105897705,0.8,1.5682159638471048e-28,0.3,0.5185385098150378,0.35357198119163513
0.4800850290381048,0.056838867653867205,0.5448348879737367,0.5116815974591926,1.0,0.9543963459241787,0.6,0.5006140497196072,0.5412299901210629,0.9442208409309387,0.7,0.8266979518047824,0.5501331025463341,0.557642749879181,0.46068321924022243,0.9639021158218384,0.37918256473861733,0.0,0.04051987911422054,0.4,0.05326795811990301,0.006448886953600903,0.6,0.5146783022793527,0.0893130972981453,0.4097074046450406,0.6,0.0,0.11448728905604719,0.0,0.27273168783743545,0.4,0.5289549597864063,0.10538893193006516
0.5000100207582281,0.3443703370430364,0.5448348879737367,0.5016785818844927,0.0,0.1988785666952336,0.2,0.500295023122137,0.5412299901210629,0.4368022084236145,0.9,0.8049165628860395,0.5406556645257125,0.5408399601343271,0.47493598958095035,0.6309846639633179,0.5312478655151436,1.0,0.01648379429625221,0.4,0.45812899753212055,0.0024171410468419073,0.2,0.5320767359927888,0.6436694860458374,0.5080623364606709,0.8375,0.8333333333333334,0.8320730533806991,0.8,0.7937216408189737,0.9083333333333332,0.6648537362398091,0.8279279470443726
0.5907590387443012,0.9040912702665405,0.5448348930515369,0.471488002454623,1.0,0.36030779963890863,0.6,0.5021345196913161,0.5412299901210629,0.5830880999565125,0.9,0.8439853170131465,0.544716429042241,0.5484216570236509,0.46656339467897395,0.7393020987510681,0.5184788845695022,1.0,0.0445499013722282,0.8,0.7342326640900456,0.9987347339794005,0.6,0.5637028368403879,0.7661696672439575,0.5309434120276288,0.4,1.0,0.7077787185006394,0.8,0.024773922533590346,0.5,0.5289549597864063,0.7600365281105042
0.5120030816404415,0.9996811284802605,0.5448348879737367,0.5604379068283193,1.0,0.5634769990348528,0.4,0.5019465226205865,0.5412299901210629,0.4909714162349701,1.0,0.7708468145814501,0.5471332744371016,0.5495609494619217,0.46752812210252576,0.6242966651916504,0.551580341668701,1.0,0.32031404052496554,1.0,0.9303146755576512,0.9999997417162709,0.8,0.5830297183811574,0.9333264231681824,0.4358124836340066,0.2,1.0,0.3347421716442238,0.2,0.1569103919029279,0.2,0.5289549597864063,0.1726045310497284
0.5054375963244749,0.986513901751406,0.544834887971894,0.5290549233646913,0.0,0.9041918980885393,0.8,0.5079142070332686,0.5412299901210629,0.9419782161712646,0.7,0.7993670366436698,0.545409041421767,0.550850570576282,0.46692479195055714,0.647269606590271,0.41249341210459717,0.0,0.9311329273799464,0.4,0.08958630711002082,0.0008786064345238243,0.4,0.5,0.5907137393951416,0.4180896021762961,0.4,1.0,0.7834668324289769,0.6,0.9869042057126123,0.8,0.5289549597864063,0.6093177795410156
0.5155169920425027,0.9121407375336622,0.5448348879737367,0.49086094791944973,0.0,0.09906299472214478,0.4,0.5000334188750596,0.5412299901210629,0.33161166310310364,0.8,0.7708468145814501,0.5148374948828301,0.4861853805047417,0.513031994811966,0.6242966651916504,0.49089821670526196,0.0,0.01658834837057439,0.4,0.41715440765369793,0.2525784155566631,0.4,0.5421720995057763,0.13075324892997742,0.531904255935873,0.5,1.0,0.7661138707996183,0.6,0.6529550986233998,0.2,0.5289549597864063,0.44037318229675293
0.46709764023348455,0.6096070375553605,0.5448348879737367,0.4380763367011846,1.0,0.7243481147572759,0.6,0.5000638020222798,0.5412299901210629,0.5362622141838074,0.3,0.12068527435125397,0.5492652967778481,0.5567011547629928,0.4649532613090817,0.20459294319152832,0.5521286494784767,1.0,0.9990304029643036,0.4,0.06644201671054548,7.822459980117149e-05,0.6,0.5419296333154282,0.5475218892097473,0.6382747224316512,0.8,1.0,0.870145806701283,0.6,0.8066663601770141,0.4,0.5289549597864063,0.49584999680519104
0.527786099895021,0.46172567481922866,0.5448348879737367,0.49562460058736285,0.0,0.3608952917275343,0.2,0.500026828397861,0.5412299901210629,0.4737066626548767,0.8,0.6436181771201543,0.5415352392232223,0.5431630282138059,0.47591746636354115,0.7527319192886353,0.5410201880799488,0.0,0.0015318786174934507,0.8,0.6023432141992454,0.002589075810319956,0.8,0.5430230934963085,0.36099186539649963,0.46194062807087827,0.3,0.0,0.05881628637460724,0.4,0.11613359213677889,0.3,0.5289549597864063,0.10861694067716599
